id,expected
5829da64e4b051c58fcef11a,739.8879390677475
587b9b50e4b08f2486cd58c1,675.4198599400689
5789ce5de4b0022659314a39,719.3763835380041
58bf17bae4b0bec08aa033f9,695.4282730921001
58418a68e4b0bb9d6a0d716b,682.3810465341378
5848b4fee4b0c75b2e3347e0,783.0317414972615
574ef3ede4b0c6a2b784f993,679.1003134727902
56d33a9de4b0eb6ab8f7b11b,688.9112987575236
56a16dcde4b09669a15b3d2f,595.9321315166497
58a3c7ffe4b0040d042fc6c0,704.656203959386
58922c5de4b08f24a71f9a06,751.5705358077172
563bdb4fe4b07887b4785291,672.6633817824782
56918fabe4b08fd46a008c09,498.94722519091954
586bd9c2e4b08f247102d075,589.296427731508
56944806e4b08fd46bb1110b,709.3813714804886
58a23bdae4b0040d01bc1cae,549.9961743123346
56562a7de4b0819f368c44d7,820.2790565662683
58c6a8d8e4b0d10d69a9940b,726.9868388529557
58c96933e4b0d10d6e91641d,616.8194678626809
5769b3dbe4b0ab6c50225298,583.3601436886106
5659e72ce4b0819f38a5ae8c,725.6406820838724
58c74192e4b0d10d6b72e650,735.5536084727092
573d1e24e4b0d2e972464659,480.2080454618798
58960745e4b08f24abec0e65,518.4473453679094
5854d9aee4b08f245eed3503,799.2733782782504
57a39168e4b0d0502fb82ad4,741.3756397057687
576ae6d6e4b02bf63f323d3a,674.9575043819817
576abdb2e4b02bf63e748445,799.8016538519348
5672d63ae4b08b757b85bb19,722.871586061679
571e932de4b0c402fa30bb6f,758.9903676619851
57bf0ce5e4b033e6e8f441c4,675.9033569829575
58b731cde4b0b6fca8d5feb6,767.4251067242288
589254e3e4b08f24a77b50bc,723.4913394623882
587137d0e4b08f2477d0c5d5,572.1303534842649
58acd06ae4b0bf804c773ca8,718.502401304157
58419c5be4b0bb9d6a323057,765.8750868079595
55719adfe4b067671b35df42,667.3632244784296
584d358ee4b0286c5226bb6d,592.4854164808434
56a32124e4b09669a273628c,518.9987350973962
556dea2fe4b039c5011c2bad,798.5811893059605
587ffdc5e4b08f249070e091,758.859735183504
55f06933e4b0a44aba1e2124,738.1376379462134
565711f3e4b0819f36e13d27,638.9971907392567
56fff54fe4b0f1e5d3257cf2,656.8280725665669
577685e7e4b02aa0e0c43684,558.872253370404
554a52e2e4b020ddbd73ca9b,601.8825246913954
57b73a8fe4b0104a2ab33fc2,521.6674021447108
586a6f98e4b08f246ffb5220,605.6954645871168
588badefe4b08f249fa3cbeb,627.6912262655661
584f1631e4b0286c54b3e7fb,699.0262244755958
54cce897e4b0ba763e46c138,709.3419144797037
554a9fece4b020ddbd9ae134,745.4199331001274
55109948e4b05ed2bca22bf8,543.1793670245245
58afdb43e4b0bf80507b714d,677.7597025653395
58a6052de4b074c62fc09dd9,663.0254900135832
571a8c64e4b0cd5766aa588b,740.2732785465657
588b3c8be4b08f249ec09375,809.2003833146074
58503720e4b065b075b188d8,550.3540305320544
5659b94fe4b0819f386e5a28,574.4203933401265
577b3ee7e4b02aa0e3c8dd45,585.3698463937026
55f31466e4b05a3ee3162405,631.2128083963738
5841e1c9e4b0bb9d6ac3a734,590.4136769352384
57ba4deae4b0104a2d098b8b,635.7699767541617
567b7a69e4b0d5acf6e87448,628.8470168715177
57d93e86e4b084ddd32c08e2,572.749805104382
58542c57e4b08f245e1ccc3c,747.4149852880676
58c0bbe7e4b0bec08ce9964a,620.643749663229
584f00cde4b0286c54786d84,573.2610483875004
5894a0d1e4b08f24aa8b78c5,410.97491414603655
583aeccae4b0bb9d6503023f,625.3899729233774
58af9653e4b0bf8050560945,565.0149969056421
58519922e4b065b077daf6c8,548.3452108276456
585d2cdae4b08f24679e7a76,599.129961981064
564f9369e4b05a02bf1842a1,707.5242160888376
58adef77e4b0bf804dd63eda,722.1464292737022
55d276f5e4b0ba7ec3fca42b,817.3745711156486
57b34637e4b0104a24902b88,753.3011925367792
574bdad6e4b061d2bce13623,560.6640973836957
56b135efe4b01d71c2dea3a4,806.7837365373944
58829babe4b08f2494a34d66,619.863325811757
563d1cc3e4b03fcc6c4623b4,697.156529905826
584d7906e4b0286c524f159e,701.7115467204109
5883cbd1e4b08f2495b406ef,747.0250947251118
58528374e4b08f245ad09ca2,713.491552779229
55d0a6f2e4b0ba7ec2667ffb,787.8540017387519
5684a7a3e4b0d5acfb03afc1,652.9864485829041
587a7697e4b08f2485c2b7ea,742.9342559771123
585de9e0e4b08f2468839a34,651.3867159506336
57c95ef6e4b092499b6c0520,734.3483174479132
586fa151e4b08f2475fc9120,574.543021731284
56da4e48e4b0b6f022ef5b53,458.54600141602134
57a214c1e4b0d0502d583798,562.4967451989436
57139415e4b0cd575efd6229,765.3686395010795
58596782e4b08f246455a600,535.3437423999623
55420c5ae4b050e8bd9b856e,735.3704117639082
589204b6e4b08f24a6ba6560,695.2620888927029
56ba008ae4b0044c31f77bcc,623.3621027924137
58c0e63ae4b0bec08d011f35,775.9270347924033
56799141e4b0d5acf55d7233,485.0037515508531
587aa17ce4b08f24860e7177,648.4675326276749
56917e76e4b08fd469f4dbec,633.6583003685197
5851d991e4b065b0786585a0,723.9438218819164
587924c2e4b08f2483d8e1d2,747.3615308349964
5874e499e4b08f247ab41a80,463.1534312683627
56e1bc39e4b06003ea8a38d3,783.014551071151
58c0699be4b0bec08c6cab82,768.0961480174302
56d7de64e4b0ea8a4791d235,589.9756232588537
58b6e6c5e4b0b6fca8154e4f,690.3328958734039
5877ea59e4b08f248135a742,497.63204682390074
577bf978e4b02aa0e5bb64fd,534.4329132046103
56b13a88e4b01d71c2e1a7e5,626.5991065223491
56ef49a0e4b078dd38bd78d3,600.915494970267
57b48966e4b0104a2696b0f6,655.7088472006172
56981fe0e4b096699b46906f,759.1830872614875
565cb5b7e4b0819f3affaf41,536.7741452606201
55c8fe58e4b0c2b5e15914ee,499.045818648593
584314c2e4b0bb9d6c0a6777,712.1159595382137
56c4e78de4b081940c800028,790.881108188916
55e851c6e4b0dab8c063e4ad,704.0361877015265
587bdd9ce4b08f248744b2e8,569.0230696609744
58581e8de4b08f2462afc457,700.7871081085428
564cd87fe4b05a02bc80262e,683.0613987751877
557335e6e4b0a0313742a8ef,615.3865590120147
586e6afce4b08f2474560b94,788.2085820478557
583c92fbe4b0bb9d65d4091e,700.392910418317
58433c32e4b0bb9d6c32d28a,640.8866617310308
589762eae4b08f24ac931a59,639.7480384870455
56f588bce4b030e93c9843f7,671.4818566764701
58580eb2e4b08f2462808af1,575.528082368397
56879cc1e4b029b13f2f161e,621.0778837303455
56eae789e4b0b801623c792a,743.8869402023033
5834771ae4b0bb9d63533d38,684.8787122086355
58cbdb6be4b0b0437ccac7ca,694.2569705616893
5842d959e4b0bb9d6bb2ec89,748.4750437932673
58189ce0e4b024d6fb36e207,823.0358267287933
57066d80e4b03c1abeb260d8,758.9687054018461
5845ba2ee4b0bb9d6e69de17,781.004505318588
561ed234e4b0efa8a72b62a8,732.6553356807258
56ceed33e4b05b76b47108b1,775.0999921695937
5681dafbe4b0d5acf93ffc2c,612.3365832115875
57003812e4b0f1e5d37bb9cc,672.0754811490758
566bad0fe4b098050ab1f99f,594.7173278130034
5872659ae4b08f24785a4f8b,612.0259796396965
58b4a715e4b0d99c3e2935e1,613.3784063708989
5698f6e8e4b096699ba041e7,744.7798266307599
56840af9e4b0d5acfa75a383,758.0637672160019
56675426e4b098050613059e,748.1870601822827
581208b5e4b04db4de32e1e0,670.8119878675578
58473eafe4b0c75b2c17d071,643.4856987434392
56cb4c0ae4b0bd0e4275136a,632.3684339076132
5852ffbce4b08f245c0d37b8,605.0447805163984
56d72a38e4b0ea8a470f4c60,545.2553884552339
58517401e4b065b077786167,810.3902366439804
55fec6ebe4b005f2024d4a9a,608.2004042699655
57d839a3e4b084ddd203287e,779.0227749884054
56c76c96e4b0bd0e40f2bff2,591.0983691399275
559330e9e4b0f7a4d66f5d30,700.1817840066382
5708f6efe4b06ef47f9bf58a,613.7167233385969
5679a22ee4b0d5acf57e3c8a,564.839346774583
561442dfe4b0e4c9191737fc,639.2309208136272
571e57e6e4b0c402f9755c86,799.6224860194009
55e9f0b5e4b0a44ab7143fbc,666.9162874129628
58aa354fe4b074c633e41df3,777.5847750736901
580a4f4fe4b0b41b54448385,747.5704643851673
5878a02fe4b08f24823c1aae,692.9495126774026
55cf9b59e4b0ba7ec21551b6,548.68951293703
58c801c3e4b0d10d6c28b5d8,729.8037667957392
5856a495e4b08f246083ac55,791.1508255279144
561d6114e4b0efa8a6001694,727.8588078141838
585812b3e4b08f24628f563b,634.8443281217149
586aac80e4b08f24703b3cc9,534.4417818524328
57c86a08e4b092499a393e8e,571.1621917523346
587c2829e4b08f2487b43965,678.7760823303624
5873caece4b08f2479b5ef7e,608.1444292077565
560029dae4b09787d896eda9,752.8680741310264
58a1e2fbe4b0040d006f23bf,659.1061920948675
57c588b5e4b033e6eff36fc1,750.7570396444163
55cce091e4b0a7fb113ebfb6,764.370405112103
58b5bb41e4b0b6fca6aa9c92,637.3360375476434
5808fa4be4b0b41b541b5a4a,794.4688194631416
567ea267e4b0d5acf7b8653a,452.4369858833875
57486c12e4b080abc3b658a3,710.6699748910363
55cc88f3e4b0a7fb10b4a36f,624.3442814693703
58795337e4b08f248468e9ec,563.051623098432
566099b2e4b0100e828c1757,644.596495223173
58c3ea5be4b0a6c9a1f82e9c,773.6133078917588
58929344e4b08f24a7e73b2a,801.8234892956981
583c99c3e4b0bb9d65ddba21,817.3011022993799
585d4cc9e4b08f2467f0a1d5,620.432616097195
575f2102e4b0f03e21df97d0,635.7692213485565
585481e6e4b08f245eb0a7fb,525.3586070359218
56291c6de4b0b681bb5941b2,534.0947203040951
58b570dee4b0b6fca629d4cf,536.9156741676398
584e5471e4b0286c530b4fc2,612.9567436666307
589cfa20e4b0040dfc8f3758,637.1293917276739
584eec15e4b0286c543475d9,728.5868077026462
583c0e41e4b0bb9d65435c29,811.650715196735
589b45ebe4b0040dfa3df1da,732.541931336574
56b4aec7e4b0044c2ec4ee89,687.7051911657625
57d30449e4b084ddcc825414,755.8734783189466
56804285e4b0d5acf8398487,584.63248937281
57b4dc32e4b0104a2749eed2,544.9854421658116
568b353fe4b0e9972092c86a,777.5847750736901
554d3402e4b068f007fda998,677.7517718911196
56afcbb0e4b01d71c2073bb7,634.7762149673589
57491ecfe4b080abc4d9106f,636.2856280210215
584ed38ae4b0286c53ce6538,795.058859148749
58710b18e4b08f24778ef229,555.4740845108167
574f8abde4b0c6a2b8ed369f,758.6137750151659
55c797c1e4b0c2b5dfd1d7d0,736.0224508820448
58b79b67e4b0b6fca9612c30,596.0572975246542
5845d8eee4b0bb9d6ebc9604,643.4123743034986
588a7698e4b08f249e372d66,661.4329902039677
58bb4b9ae4b0b6fcadcee7a4,517.2535145343937
5626f2fce4b003d9a013cf50,635.8406955035969
56a1a4ace4b09669a17b9f2a,551.0364655404452
58972d2de4b08f24ac74be14,795.0168711872664
58c6d424e4b0d10d6a7212da,652.6590488968751
57d1834ae4b00f8581c5cd99,594.9311582409497
5780ce21e4b02aa0ecac122f,587.2248100423938
587d001de4b08f248926c028,634.6339689850854
585d313ce4b08f2467a8293c,562.1645114389689
57727d0de4b0cd06528600b5,781.2987495956256
585357a7e4b08f245cae9ee5,563.8814154540811
57b275bee4b0d0504223c0b7,691.4521822351842
5706c50de4b06ef47db29864,631.8976915495181
58c1f3a5e4b0a6c99fddef9b,638.398187417013
5711196de4b0cd575d670dc0,458.567452595306
57f94ff1e4b0b41b528fdda5,784.0647634506286
5658cf18e4b0819f380f52e6,722.8955674636331
575f1f2de4b0f03e21de2cd1,664.75064906944
586c99d7e4b08f2471fc1ddd,810.3021448182359
58b4e828e4b0d99c3e7b6769,837.2774894074716
58611acce4b08f2469c600a4,646.9523979164793
58765637e4b08f247d0116eb,667.0473012992543
567e4fa7e4b0f7dc12ec703b,727.6808258478599
584984c0e4b0286c4daf87d6,784.1150666680636
5856f636e4b08f2461098bed,602.7987745319354
560fe224e4b0e4c91650aba7,788.9006646435157
58ab4eb9e4b0bf8049e95223,699.9578924380216
58c6a8b6e4b0d10d69a955ab,631.4222144817367
585c33e1e4b08f24672ce210,778.8083854165739
563121afe4b0ad375dd2682d,791.3973139130595
561eb736e4b0efa8a7043d6b,765.0981547667777
5637fdf8e4b07887b1443b13,551.7326686986163
56a2870be4b09669a21426b5,624.1174532280907
57b752a0e4b0104a2ae90be7,817.3745711156486
58af0bcbe4b0bf804f22661e,662.9216648020157
56a93d5be4b092947ff04a3e,778.304992626238
589a1310e4b0040df8f9bfef,784.5130689343316
583e3dfde4b0bb9d672dcae5,813.4455358501755
58b9f485e4b0b6fcacbd4995,583.3221970873648
57b83b60e4b0104a2b817e25,645.9464833472089
58666e91e4b08f246e0644c5,587.6396644214269
58594f30e4b08f2464196bd7,693.5441065491104
5744a35ee4b061d2ab58091b,632.0087507170847
58b4720de4b0bf80546a611d,709.237279299955
56ef494ce4b0ec1902690143,661.4889876373358
5833858ee4b0bb9d62cd7acb,602.6435378914441
585c462fe4b08f24673ee5d3,633.1979687351019
56fa094ce4b030e93f8f6a33,740.3972110285058
57b490afe4b0104a26a9a782,660.5816793096545
5889d765e4b08f249cf6f0f2,676.834187473075
56fac1b8e4b030e940381638,593.7863223416203
578d3dd5e4b002265bee895b,475.1420449748599
58a09f70e4b0040dff00eb68,484.1871457645093
562bab46e4b0b681bce47fdb,582.6488167834218
5707fc4ee4b06ef47f015b34,720.8799021244281
58419497e4b0bb9d6a20682c,724.5151061625487
568ca19ae4b05bcf3c44f959,722.68049076665
584af01ee4b0286c5011ebad,559.4329055902209
587a3a85e4b08f24855010ed,623.2798270209634
5878a996e4b08f2482436061,531.0858788889784
5887b789e4b08f249a8d7838,440.4886090006365
584085a1e4b0bb9d694798aa,773.6277576335459
58ad9a74e4b0bf804d0d865c,766.671726554351
58c26d3ae4b0a6c9a02d303c,648.7892716014915
58a20dade4b0040d0127fc2c,621.9035521842504
58b447ffe4b0bf8053d6f56c,656.8710704140801
585e1353e4b08f24688f67d7,805.161836223991
58a9cf5ae4b074c63383789d,645.5915227550089
563ca118e4b07887b4e8cb2e,633.5616941328896
5833a917e4b0bb9d62df3f6b,633.2750364689233
57c9f8cce4b092499ca810cd,792.3463437602542
576e16bde4b02bf643f201db,540.6229946918464
58988898e4b0040df698eab2,812.1529667709863
5882819de4b08f2494747e7c,556.5660950206437
57ac8cfbe4b0d0503abe22f3,609.2829199931159
55db8069e4b007a1dcafd6fc,718.0587727553491
55dbce4be4b0ddd31fa1075a,526.5072281357089
5660fc12e4b0100e830c142e,637.0175307711071
571e925ee4b0c402fa2f9c3b,646.1883355970143
578631aee4b01c1b693f0e32,632.2382934349317
56a64b01e4b0d9d0ade30761,612.2215807540783
57d03851e4b09249a29a60cf,784.2748692213273
56758b5fe4b08b757df72f61,752.3490800247026
58ab0580e4b0bf80493aa7a2,659.6242541693723
56818f5de4b0d5acf8f48cf9,768.5596963958355
56b0fd3fe4b01d71c2af8b67,594.0814637232063
5849e6c0e4b0286c4eab5158,600.3732008508299
5681a2cbe4b0d5acf9114d9b,655.2558182292963
5763fd55e4b01f753fc64746,784.0647634506286
55f05d4ee4b08cc0e45c846e,650.3571053791624
562fd611e4b0ad375cb7aaf0,748.9736145766959
563c133ee4b07887b4b7e32e,633.2563858032892
58b1cc89e4b0bf805244e047,691.8688484171726
55df99eee4b09983d381c668,847.174493618063
58af1af9e4b0bf804f53bf1e,740.8944758884818
5874281ce4b08f247a564903,597.4117463555326
564bfbfce4b033d9d78620b5,718.119859828871
551625c8e4b0d236381b0a40,626.0908857217028
573a431be4b02820492d75b4,689.0872049723449
58273e76e4b051c58f583f51,794.4688194631416
56649011e4b0100e85a7b25a,783.4555751829496
5717b38fe4b0cd57634372a3,524.7960360562149
5852d7bfe4b08f245b9e963a,765.6532613089357
588a1d3de4b08f249d5fb47e,817.7285456161702
583f00a9e4b0bb9d67ac3733,623.9845012121568
5891fc4ce4b08f24a6a72130,572.5340295560502
55d7a3bce4b015c918c98d20,624.7466652149334
58756b21e4b08f247bf00f6b,644.8464036629442
58532787e4b08f245c5e95f8,736.2564484338131
58c87ba6e4b0d10d6d755a42,507.97429909937847
58c5e2bce4b0a6c9a3b5b89a,816.4607247818003
586818ece4b08f246f0c4559,652.6100032530823
58387a02e4b0bb9d647c96ed,792.9334579372935
58417dcbe4b0bb9d69f9950b,615.9601401011098
559fff54e4b0130b071cb5f1,633.6089285650548
583dcf88e4b0bb9d66b5b2aa,640.304029016612
57408823e4b0d2e97793e850,540.2647174906514
5686f04fe4b029b13f0f436d,603.9680054066928
565c7c0ae4b0819f3a669c4d,795.5795521975799
586aa3e6e4b08f2470303325,592.3851907150562
58a35308e4b0040d0365a7af,687.1398254748038
584c0c6fe4b0286c5137cca2,543.7656422919266
563c3d6ce4b07887b4cfa2c6,598.79684153946
58a34560e4b0040d033ec429,548.9837481473932
58835e95e4b08f2495234310,589.2317810244543
577aaae7e4b06e596fce20fd,590.2690962137452
56a0e88fe4b09669a0b3214a,600.9957882986145
584adca3e4b0286c4fd3317c,638.5941283630528
583dc453e4b0bb9d66a3ac9c,601.8292378057392
58460355e4b0bb9d6f062211,633.993886408213
5846ec85e4b0bb9d70199989,521.00550433895
58346a1ce4b0bb9d63408053,780.9634060569294
587d8861e4b08f248a6b575c,650.9244784191073
56be9bc6e4b081940980b9ce,812.6224748182765
579958e4e4b0d05022b3b88c,801.0555471491749
5697e3eae4b096699af7eb79,654.5177343505765
58b99644e4b0b6fcabff10c3,753.5561272800022
56f98604e4b030e93f0d15a1,734.3117922922738
58bd86fee4b0c7f389079335,752.2581313135724
5845bc62e4b0bb9d6e6eb1fa,797.6293708391519
577c28d1e4b06e59742a7118,702.5705223367544
577a85ade4b06e596f6aa5d3,629.007609452709
55d70b56e4b015c917cb8b5b,648.7445854255105
58a332a4e4b0040d02f7d83e,695.706329816121
561e9e6be4b0efa8a6da867e,651.7570444130239
56b24fa6e4b0044c2ce6e07e,537.550138534102
57b210c6e4b0d050414666c6,540.1735844910393
57c2f6b7e4b033e6ed27a7b9,653.9103322282432
587f96eee4b08f248ee284f7,788.2758693516084
589907b8e4b0040df7e8644b,582.7754178282045
5829c2c9e4b051c58fb03608,781.3754077867593
5892521ae4b08f24a7748dc4,662.2711703097993
58a087dee4b0040dfeedbc20,624.4892640861505
58aeeacfe4b0bf804ecb5d03,745.520091120747
58b482eee4b0bf8054a2f76b,585.1782780058401
585bb457e4b08f246670ff26,747.8902693738389
5758524ae4b0f03e18937f60,779.5761067469457
586a9167e4b08f24701aca6c,598.4264414690771
56b25c4ee4b0044c2cff6436,820.2978457630986
57e51d66e4b0b41b4f68930c,662.9487009035452
56f7e326e4b030e93dd89ed0,731.0162039454474
58b30864e4b0bf8052ef00ba,457.0329781803341
568d2939e4b05bcf3c630484,658.457462903337
58b9938ce4b0b6fcabfa019d,626.7680308507558
5644e4e2e4b0f92a57152078,620.4210120907364
575eb397e4b013cd5def2a9d,591.4492557403915
58af1ddce4b0bf804f5ac03f,705.0595986347143
5623b0bce4b02f6d9568e105,670.6719135359081
5893a8f8e4b08f24a9ac4f65,639.8805062177838
55ef9281e4b0a44ab963e054,653.9712043987928
5866ae5fe4b08f246e6361f0,652.6840644796832
58c06aa7e4b0bec08c6f25c0,749.7494360674805
56d8935fe4b0b6f021ce4b20,691.8817843289946
579bc9ece4b0d050262f35ea,585.213129877985
568a6a2ae4b0e9971ff69c12,606.8562637058681
56796aafe4b0d5acf5083f41,784.1791103792531
584d74fbe4b0286c524c8b00,736.7015095322961
564708dee4b033d9d3b53d98,678.889730242409
5768b81be4b0ab6c4e887d35,749.725222089367
56feff46e4b0f1e5d2897b63,623.8455498798302
58c2d103e4b0a6c9a0b5192d,603.1234625364235
577f8f49e4b02aa0eb78d325,615.5668092209446
58628977e4b08f246ae87b5c,659.4276233039786
564d1dcee4b05a02bcd6a45c,544.2232240421724
58581cdde4b08f2462ac99f5,657.5127820921971
584e4812e4b0286c53066e60,810.7800026520708
587c38a0e4b08f2487cdb914,538.642384920506
5898c638e4b0040df74b5a96,801.0781396226006
56755dfae4b08b757dc5a978,758.4091756735974
583c3bbae4b0bb9d65584adf,572.4912608586294
55412650e4b050e8bd2683d2,636.3664695535825
56cb8ecae4b0bd0e42c4c218,801.8947588717531
58af087ae4b0bf804f17d175,780.3951854545259
576c5578e4b02bf642157689,510.7265734560557
56b12a7ce4b01d71c2d6cf10,678.3272855870239
584ee591e4b0286c5417b159,605.5610355666724
58ab9a7ae4b0bf804a4cad46,573.0334923522299
583f6e23e4b0bb9d68410ad5,788.4491785967891
584b0940e4b0286c504e74c6,575.3642717374911
565e0b49e4b01bbf9f45db4b,690.6941510352159
584452a2e4b0bb9d6cd71f5b,665.6680610605474
554a65dde4b020ddbd7dfdd9,623.8155331393498
58b81ec3e4b0b6fca9afa195,594.3866127378299
5869b0fee4b08f246faa241e,557.0628718967741
589b9e98e4b0040dfaf26652,698.020050537134
588b6203e4b08f249efb421b,780.7536733492817
5841dfcfe4b0bb9d6ac0c4e7,786.0110094893399
5783c5a4e4b02aa0edb19ad9,669.2547243636727
55675b15e4b0d883af94a791,657.8958044284178
557193d0e4b0a03135ab4b72,694.9986783567326
58bec03be4b0bec089975681,766.5834489820973
584ec027e4b0286c5381dc8c,668.3333178879102
58b10688e4b0bf8051d954ac,782.33713541174
584ad025e4b0286c4fa02bcc,586.6828432144565
58c59478e4b0a6c9a36798b2,701.8656068100253
586d10a0e4b08f247278437a,741.4730825256254
56fc28d3e4b030e941db53f0,780.5441215559848
57a8c8dfe4b0d050354b6070,636.1096701544262
557b3da2e4b0568a2d989419,872.2675434364098
585afd75e4b08f24661ca6fb,825.6987335444404
5845d81ae4b0bb9d6ebba4da,751.9679247340149
58c7fed7e4b0d10d6c1ea00b,690.5686970105654
58bda18de4b0bec08835dd45,763.7949563620788
55a0487be4b0cff3602233ec,748.4888432861597
563d4935e4b03fcc6c6c9c9e,830.7596664197274
58b504e8e4b0d99c3e8d3fac,810.5171591109217
584df7cee4b0286c52d21a59,745.1141936150656
57276a08e4b0c402fb4e2995,620.2529243829352
57c72a22e4b0924998661f41,643.3979672916538
57968a8de4b0d0501eb8c982,744.1585300854174
57d33486e4b084ddcce0071f,534.8905469452399
569e68a8e4b096699ef841d0,805.3665777163552
570be7c2e4b06ef481d8c5de,728.1478278064732
588686f1e4b08f2498dd6230,642.7405642767309
583357bae4b0bb9d62c68573,590.0369488154646
57a9e736e4b0d05036ca54d5,660.5518584154127
584ba225e4b0286c50febeb6,631.6705510477083
55e35ba8e4b07221e8b879ad,561.0044421407589
563a5c05e4b07887b317da2e,728.7891110462187
588d06e8e4b08f24a0eddc23,602.1980903166836
586e68afe4b08f24744a983e,724.4598178548393
55fdbc03e4b005f201ead010,739.4692355289066
54f78c15e4b058911ad4809a,702.6017406533093
5556dd68e4b0f6f118a77144,720.685551163173
58bcfe9fe4b0b6fcaee995b6,782.3741046326475
58796cb6e4b08f24849cfbb0,588.8151239948481
5698607ae4b096699b74ea5e,769.8060751916038
55f2d9fde4b05a3ee2a5225c,794.0191921283936
587a7f49e4b08f2485d48358,678.8588762128562
5772fd36e4b0eadcde0d5e2c,623.0116852102789
576f240be4b02bf6456a73fe,699.470419926797
5863119ae4b08f246b985e75,698.8795581487085
5854a801e4b08f245ed22018,718.2929965992721
584db5bde4b0286c5293d55f,745.0209282798463
5594148fe4b0f7a4d7490c07,693.3279160550342
56a9156de4b092947fc8820b,630.5991003764248
57b718a6e4b0104a2a6970dc,545.4576991111496
58a8d462e4b074c63315b76e,688.8441566656003
55bbce01e4b029da16ad9c42,807.4397750972557
5753352ee4b0c6a2be08de6c,768.4404434165244
58b4d07be4b0d99c3e640904,738.7237237873057
57979196e4b0d050200bc756,674.4768244223192
57b65ac4e4b0104a29b42a31,854.5187148487167
58b9b103e4b0b6fcac3ec955,822.8328228936209
58b059cee4b0bf8050ed7d0e,642.7312072827988
586ffa88e4b08f2476d6d0bf,648.9830656697438
564e3d5ee4b05a02bdd91fd9,628.9008405801959
5776abf1e4b02aa0e124f8c0,618.3584772536045
588a0677e4b08f249d1f33c7,769.2731292589998
583e0a35e4b0bb9d67023788,829.8692846982306
58494eb8e4b0286c4d354119,789.5871767023932
57ca4194e4b092499cfbbdcc,656.2073036751136
55e36040e4b07221e8be15fd,533.3596009388231
58b0db53e4b0bf8051bb45b9,602.5230180316705
554bb58ee4b01b9af22d630d,745.602905641411
5702808fe4b0f1e5d4fca37c,713.291474073259
58b0d57ee4b0bf8051b73e30,693.9989832551273
56f1b8b5e4b030e9393db1ab,754.969378106791
55c0267ae4b0a5e80cc0eaa9,785.2886865941965
58a91af6e4b074c6333997c8,570.5235575154585
569938a1e4b096699bfc7a30,685.1864051600091
586e8a4ae4b08f2474c1be83,701.7128810544876
577accb4e4b02aa0e3693a25,517.9321042503177
57d22176e4b00f8582f3cbf8,600.7909945030607
56f09fe1e4b078dd3a024fa2,670.510801659167
57461a73e4b080abc070fcd4,640.4437276513264
58431835e4b0bb9d6c0e9a76,637.5878104135837
554a0fd8e4b0e740e44929c9,823.0358267287933
58a4643de4b0040d04888bca,557.1969661059542
58446824e4b0bb9d6cf097d1,610.3508998103405
587a961fe4b08f2485fcd211,641.1458611170211
58bb9463e4b0b6fcadfca337,616.8812175825402
56f56d67e4b0ec1915d3dc2b,618.0671019536393
570ae50ce4b06ef480e6ea43,657.258743573976
58b9ea39e4b0b6fcacaaeac0,678.3317574574667
565bd51ce4b0819f39e02b8b,601.9698312048399
56cb7692e4b0bd0e42aa3f12,552.1277302932621
567bee29e4b0f7dc0f78a972,566.674589502091
57bd8900e4b033e6e6a7d891,651.7598172819098
588b0791e4b08f249eab5d44,593.5602683958804
585d5d28e4b08f246815d210,610.6114516410787
586ac379e4b08f2470539024,664.9046886741913
584b4729e4b0286c50bc660f,767.9542023872045
584af79ce4b0286c5022cc81,609.3630478262827
579a657de4b0d050242d99c5,591.9504753903052
58719a13e4b08f247815ef33,675.9979777459199
58a5edece4b074c62f7cd268,651.7391162114106
58b0f9eee4b0bf8051d417bf,609.2642850669507
58346076e4b0bb9d6335e326,614.8424918747403
56731020e4b08b757c0eb4f4,528.372219990723
57c05856e4b033e6ead4254e,681.7635375246398
5854011ee4b08f245d7fcfe7,668.0711644399275
58517b8de4b065b077906bb3,615.7833861632898
56748389e4b08b757d77fc78,659.3362133842279
57a1ddf8e4b0d0502cea7303,573.4223430395193
571c0140e4b0cd5767c121c1,767.6999317306731
5845e838e4b0bb9d6edc41c1,594.8898456436189
5867da9ee4b08f246ed62651,604.2763377159605
589d382be4b0040dfcbdccf3,609.2236509339072
554a8f10e4b020ddbd948a0f,640.1766802308264
552fd991e4b08f883c63f81c,702.4774077883208
5862947ce4b08f246b0f172e,701.7909657345751
5839c3d3e4b0bb9d64bf00a6,661.5465046338626
5815f735e4b04db4de7d6804,725.7749587820555
56420f70e4b0f92a547624f1,639.215844999256
58b6eef8e4b0b6fca82fd426,660.9221409477905
56b8ce95e4b09d5c80e05789,595.5934352183145
571e5030e4b0c402f9514d92,766.1778350756347
57c902d0e4b092499b3ac608,599.7422075690231
57bf7f10e4b033e6ea048654,605.6521693137705
57424fbae4b0d2e979692145,582.8203930369131
5781a7fbe4b02aa0ecf01fda,557.1434195380809
58a87e83e4b074c632b6b1fe,795.5820869626147
587a2995e4b08f2485318ad5,613.1848903052544
57b463f8e4b0104a262f6a4d,707.4813474634287
57892f8be4b002265894e688,778.6558237900427
585983e4e4b08f2464846643,539.6366276474889
58b464e9e4b0bf80543eb9b1,688.0506430335262
5846f022e4b0bb9d70218583,691.2852820616773
585a7ef3e4b08f246521f1ee,587.0866002717106
583e03eae4b0bb9d66faab04,650.1792623047598
5710f75ae4b0cd575d2519d1,647.795437923439
564f9d37e4b05a02bf26f61a,576.7464313290272
57579327e4b0f03e17284dff,779.8916014471666
5656124ce4b0819f366a85f4,603.953019072226
5853ab69e4b08f245ced8f2a,598.5282941103919
56ddab06e4b0b6f0246feb5a,678.0142330085151
57cb3f6ae4b092499db26508,590.9594011438352
586352f8e4b08f246bae1160,572.5667406042575
584b5992e4b0286c50d437ee,653.8809055059323
578b094ce4b0022659d9a7cb,585.1748448117025
562ea746e4b05bcfe5a6ddc4,604.0373879471783
58a1f9b8e4b0040d00d041b0,681.2848538668494
57cf17f4e4b09249a12da8b0,727.2669789527879
557efe51e4b0fa07f56ca34d,799.6224860194009
58ae02d7e4b0bf804dfcfb2c,650.5464004401852
584044d7e4b0bb9d68bfe96d,736.6016786768965
58b08ca3e4b0bf80514f2497,646.8409734627332
584059a5e4b0bb9d68eb9e94,757.0240443649815
5658d5abe4b0819f3817f91a,664.2189226617892
5689e4b3e4b029b13ffed776,595.5040215077393
5699879fe4b096699c539b89,606.4999257138504
583ef15ae4b0bb9d678fdffe,663.317061069124
58471277e4b0c75b2bae85cb,650.8016064905983
584f1a27e4b0286c54bfd016,634.3781429676611
57befc4ce4b033e6e8c6c114,691.5460616135693
5838c0e1e4b0bb9d64960883,588.224610364674
57be3d0be4b033e6e83163b0,791.3973139130595
58346847e4b0bb9d633edba3,772.6829956643926
584dcf1ce4b0286c52ac615b,630.1821520918519
553fe5c0e4b0d17be80be67f,766.5338105064867
587e4693e4b08f248bb11598,675.3817593435635
58500109e4b065b074fc49f0,721.3768572743065
5877c7d2e4b08f2480b5dc90,604.5479825255898
55d24d63e4b0ba7ec3d21645,712.984096513866
56f9e983e4b030e93f822d25,652.7831738776881
5846cb59e4b0bb9d6fadfa3f,726.716265795935
573f8e06e4b0d2e976b3fdb4,750.2465425769761
5696dc86e4b0753d6981d220,727.8911728566617
585a955ce4b08f24656cb27f,798.6355006525783
5622c62de4b02f6d953f26b2,650.7618031565705
587d08a2e4b08f2489480cdb,774.5658517692689
57dad8e5e4b01a79d8b21c71,823.0358267287933
5889ebcee4b08f249cff0326,735.3704117639082
5756f69fe4b0f03e156d5ee4,597.7990225815101
58c2ce3ee4b0a6c9a0adb305,639.4899088806437
56c8fc36e4b0bd0e41994e90,674.1733194992977
586c7f05e4b08f2471ef40dc,724.0549052595516
58449bdee4b0bb9d6d24546a,710.3904498642048
56f19e02e4b030e93915ce71,803.1603558299093
5852d04be4b08f245b850888,775.692937869152
58c9823fe4b0d10d6ee299b6,799.6224860194009
584f6555e4b065b074809faa,646.2878849065831
5666daa1e4b0bced055cf13e,773.7292849510816
584ab77be4b0286c4f63a81a,652.7453654902627
586fd17be4b08f2476845cb2,710.3784612503089
589cc1bfe4b0040dfc2c5c41,682.3455429840998
5678346ee4b0d5acf3e55605,729.5037891133978
588b3327e4b08f249eb8fad3,678.5298667582225
5662ed40e4b0100e846b0051,712.1433678605646
57533e62e4b0c6a2be14d2a2,688.8033145220505
561c4431e4b0efa8a53a8fa3,722.963756603098
570bb91ee4b06ef481667b27,630.5571217650223
571e4420e4b0c402f91b6ef4,694.9884839435794
586fb1e0e4b08f24762600c5,704.4637182138529
56f03424e4b078dd397e4fdf,657.3835503266847
558a5962e4b0604ed9871ce4,801.7006425240303
577ff589e4b02aa0ec90772b,740.5538757523027
58c08ac3e4b0bec08cab9172,691.5120081754152
56008c34e4b0ffd776563da6,713.1121253061838
55e1f550e4b07221e8024c6d,681.6486013444721
5705f96ce4b0f1e5d9439a57,656.1743632335337
58933fb0e4b08f24a86090a7,742.5631188333201
586fcfc1e4b08f247681008a,640.4338919166634
584085a6e4b0bb9d6947c3ef,672.1452370961871
580b71c3e4b0b41b5465bf25,624.7707847421956
584712bee4b0c75b2baf43d0,710.6701245823223
573a3be2e4b02820492401c1,624.0760294086568
5845c443e4b0bb9d6e87967c,751.0966986559678
58a26ff6e4b0040d02150aed,719.1354444797059
58b780efe4b0b6fca94f9962,825.4512521838508
585816ede4b08f24629b7d2d,684.8518322710701
58aa2a65e4b074c633d82d86,773.0946984493518
57758749e4b0d30dccecf003,692.9127408222183
5849a122e4b0286c4e0f2b72,771.1869631168311
58bc2b85e4b0b6fcae34ec5a,854.5187148487167
57c06046e4b033e6eae4b1f7,662.5905253751823
563e26aae4b0a00ef1881a35,818.7001502575492
562e5f6ce4b05bcfe54a7f1a,782.1846089054494
56688754e4b098050754fdc3,791.3973139130595
571a86e8e4b0cd5766a3a687,849.1946403643439
57c9a9d6e4b092499bf7a915,706.7648974327451
58911acee4b08f24a5f7a6c6,720.1064258591197
58c57c25e4b0a6c9a347b5a6,741.1113275570489
56aab1dce4b065da4182741c,804.8932369261587
5864294be4b08f246c83dec5,772.8157593462596
55b2d651e4b0e2e483190e20,825.6964085787747
58b330c7e4b0bf80531063c2,684.4659743680536
5848d4d3e4b0c75b2e618ad4,765.3855732640236
574714a5e4b080abc1a14e6b,768.9447768050402
583e10cbe4b0bb9d670976b5,695.3532374789166
5792390ae4b0810ad9c38a1c,612.1973747112133
58bd7464e4b0c7f388cecebb,717.8520134220487
58c5d1cfe4b0a6c9a3a21bf7,638.095486074401
584c4a8ae4b0286c5193d0f3,670.9791349162874
57d0cb29e4b00f858117d108,820.2790565662683
5853d658e4b08f245d11eb5e,533.0713445270784
584208f2e4b0bb9d6b0d46e7,632.2028752647183
5876b4fae4b08f247e68e6c0,693.8674905421707
569a9c07e4b096699ccf86d7,738.8809673441432
56692101e4b0980507e408cb,778.2956255194721
58c189ffe4b0bd0f4dc969c4,617.9163505198322
5845b855e4b0bb9d6e65f9ad,668.3395016057498
586bd07be4b08f2470f2e090,665.8345677930093
56fed035e4b0f1e5d2445e15,849.2764532381049
5704f9a6e4b0f1e5d7d4ec3f,693.7326963059788
58245840e4b051c58e901755,714.5463704376682
580e4c20e4b04db4dda65524,642.6616746565107
57ecbbe4e4b0b41b508d9219,769.0280472168834
565f89eae4b01bbfa0c5d652,794.0053196198804
561fd9eae4b02f6d93800daf,788.9004493326202
55356febe4b0d3cafbac26d0,623.249177573823
58b22ca3e4b0bf80529a7693,791.3973139130595
57d04483e4b09249a2be0307,664.1839126052557
58adc21fe4b0bf804d73ebbc,774.8647694694125
58befceae4b0bec08a583277,784.2748692213273
589606ade4b08f24abeb1682,678.7600969559046
58acc45ce4b0bf804c60a5fc,667.773404640876
56d38a32e4b03f4ca32dfcb4,654.4152329969696
58989180e4b0040df6af8323,696.5996922996061
584213c4e4b0bb9d6b1f097b,798.4929151523986
5852a7c9e4b08f245b00731d,854.5187148487167
585d4dffe4b08f2467f41146,590.266965572109
5869a5f2e4b08f246fa4e762,606.7667793581147
587924b6e4b08f2483d89c4e,769.665921650297
58c290ace4b0a6c9a03e94d7,595.9928560131383
56552368e4b0819f359d6ed0,546.5924434993156
5853f6a8e4b08f245d59e330,671.3867817413468
58bae368e4b0b6fcad5be57a,732.7045653976389
569b92cee4b096699d1d18e7,755.9836627680337
58554711e4b08f245f35bdbd,790.0868022087541
586290cae4b08f246b064bac,755.9891456765446
58626bbee4b08f246a94abac,649.4360773745508
5839c7bae4b0bb9d64c0fdff,682.8978012358864
587bf1f6e4b08f248761db0f,735.564559935831
58af6031e4b0bf8050085467,827.9191458818349
5858e701e4b08f246385d1cb,853.492964415467
56e023fae4b0b6f0263d42ec,500.19603966451734
588a39efe4b08f249dc06bac,666.629342054334
588f5f37e4b08f24a2d827b9,672.4236867208874
5565dc88e4b0e3d949c488e2,664.776761065857
58864680e4b08f249848c47b,725.0996653641282
5624eb0ce4b02f6d95eca52a,626.7089659179878
56e69af7e4b0a9e4c8aa7975,699.414981828376
552c2a4be4b0097cf37299f7,780.1668821131805
55f8577fe4b005f2fd32eaac,713.2463155658074
574fd3c7e4b0c6a2b91d0de8,676.8228031207886
58b5050ce4b0d99c3e8d4601,698.5197571852351
57c0cc74e4b033e6eb9aa5e1,791.1362525327811
56a17a8ce4b09669a1638d42,788.0074788567988
58bedf31e4b0bec089f3ee8e,667.1892917221436
56b8da75e4b0044c31432afc,784.1492043017519
565a4266e4b0819f38fc5e8f,702.3289141523056
56ad7fe6e4b0138a4ac8bd78,700.1984226621595
5552091de4b022d8217f6a9e,786.2676816757918
5839df2ce4b0bb9d64d089bb,595.5716674381845
5878f00ce4b08f2482ef05a6,609.8287521528264
58c2d8b8e4b0a6c9a0cdc822,732.8002584769512
589f1ff4e4b0040dfe58a0be,683.6589811603836
558983b1e4b0604ed887d3a3,719.2519718400969
567834f9e4b0d5acf3e6cbb0,734.8786376793956
574cb990e4b080abc734c8fd,761.6474595104628
5848316be4b0c75b2d1a5845,626.2636321884069
58375246e4b0bb9d6438906f,658.7239058527625
56957690e4b0966999569f11,784.6399914012729
584c34d1e4b0286c517493e1,817.3745711156486
570130b1e4b0f1e5d3f102f2,607.0734914729253
57a319a6e4b0d0502ebe1f46,758.2608271235392
58750ecbe4b08f247b130130,787.8766720184158
57470785e4b080abc17dc13e,782.828480230038
555529e9e4b0f6f1176168ee,724.8814751835374
56e70271e4b0a9e4c93d4e9e,687.1907668461015
583874a0e4b0bb9d6478be73,753.663459849164
567e92ace4b0d5acf7b44037,693.4844700072553
58bf13d5e4b0bec08a96be26,683.7784910554792
57b68657e4b0104a29e4b661,671.4111599714096
57b20321e4b0d050411d38f3,663.7597704478391
570c477de4b06ef48277f85e,630.0207770482438
57bdeb2ce4b033e6e7a8f6b4,793.6964773698849
58585e2ce4b08f246336ac39,810.5171591109217
57d93b85e4b084ddd3291919,652.6163843916147
585db22be4b08f24686c2a8c,805.9301540382176
56738342e4b08b757c827154,697.814047412149
5842233ce4b0bb9d6b379701,746.971363046005
585d383ae4b08f2467b84b9b,685.1741459733272
574cf1cce4b080abc770ad16,638.5069957724352
585d7f19e4b08f246847a621,566.6670808491142
56746386e4b08b757d4fe73f,632.7939617791839
57b6f0d7e4b0104a2a20b9bc,642.6936535127672
565c926ee4b0819f3aa24ca5,694.4258954750505
58a4b20ce4b0040d055815f7,640.9584082377935
5824ed40e4b051c58eee18a7,616.1154114883709
56677925e4b09805063f7a83,648.3208375167039
58b4542de4b0bf80540267c5,578.2824298649149
58c0086ce4b0bec08b82e666,659.7637030804595
58bda6e8e4b0bec088474c71,692.9335756639902
56a80a22e4b0d9d0af75de74,627.1856020239929
58237867e4b051c58e10f76c,639.8205582452325
583fa2efe4b0bb9d686407fb,670.2690833040115
557231bde4b0a03136b939f4,745.629449274797
58532766e4b08f245c5e79cc,617.9998054186722
587b8970e4b08f2486b454f5,823.0358267287933
57765193e4b02aa0e0362ba7,708.620689483754
588e6113e4b08f24a1da0e65,576.0707248973106
57595b6ee4b013cd53b0e8b1,564.491877644518
56c2379ae4b081940adc6ebd,756.6162767398005
58b6958ce4b0b6fca7b89b91,698.9101741620141
58bb3e26e4b0b6fcadc45506,790.7803654525821
586f4d7ce4b08f2475a7662f,597.6773102384257
583e587de4b0bb9d673be0e3,673.9788577059265
569035e8e4b08fd4695fc07c,716.2882307577693
58a1e561e4b0040d007a878e,591.9626252383737
577fcc09e4b02aa0ec540ee3,745.5447965093485
58766da1e4b08f247d50e079,643.7369901107932
564d1821e4b05a02bcd2a707,626.5460780596657
587a326ce4b08f2485400a87,741.3879666392622
58523907e4b08f245aade251,596.5470126828964
58c81cd1e4b0d10d6c821882,530.745055172342
586e7116e4b08f247471b737,716.6710830846869
58863183e4b08f2497fe3641,527.2699471879188
5893ecd7e4b08f24aa0cb262,784.0647634506286
57703637e4b02bf64658746c,600.1693849874373
56f466c2e4b030e93bb9b2cd,598.8965051899218
588fbc60e4b08f24a407856a,748.5439816107157
5838b70ce4b0bb9d6493b64e,595.6337112545924
5637770ae4b07887b0652c8a,737.5126782189603
56fad75fe4b030e940665c15,736.3705990838974
57c35f03e4b033e6ed976165,784.0647634506286
585db83ce4b08f24687124a4,791.2102349996363
583dc459e4b0bb9d66a3b3e1,780.5441215559848
584376fee4b0bb9d6c666d4f,675.8716780558826
56968827e4b0966999eef104,668.251554000412
58509e04e4b065b0769d5ca7,785.0301130551097
568b091ce4b0e99720844f7f,734.257265618416
5653370de4b05a02c10694bc,584.687536901834
58af8d2ae4b0bf805047befa,744.9947529816926
55f33b4ae4b05a3ee35589ae,750.6994251089136
5672df3ae4b08b757ba0e08b,663.5883207649173
577bbe46e4b02aa0e45f8b95,655.773132612612
58504c48e4b065b075f31028,589.3289742497603
57578ed9e4b0f03e17255818,702.9927974322667
587fbaeae4b08f248f797159,802.3756264495876
58584ab0e4b08f246319189a,765.7605153070589
55c77324e4b0c2b5dfa564b8,625.7550311078458
573d25a5e4b0d2e9725073d4,788.1238859825361
57642f1ae4b01f75409b721e,761.1785660330809
57026bace4b0f1e5d4c789d3,799.9577710845301
58be5625e4b0bec089564e6c,744.6488105475786
58759c49e4b08f247c345504,787.423939400778
585e7df9e4b08f2468b79291,679.5119616449196
5881d67ae4b08f249357b29e,731.5757154647357
58813ffae4b08f2492b6f79c,467.1335279198931
58b6d731e4b0b6fca7f146d4,627.4481077393352
55f7423de4b05a3ee6388c95,631.5604193518552
585741d9e4b08f246153722e,757.2857662781779
5846d5b5e4b0bb9d6fd25970,618.337207530478
584c2bb4e4b0286c5168da54,594.5012982869735
5861ab1fe4b08f246a3477d6,602.817612319837
58bed165e4b0bec089c60056,672.0503385193275
58597e2fe4b08f24647e27e8,696.9307757669739
56b38494e4b0044c2de14278,693.5741278092966
577092ace4b02bf646e46aa6,598.7548663609823
571e3d7de4b0c402f8fc17f6,588.1128892369902
584bdce3e4b0286c51149392,788.2758693516084
58acd0e5e4b0bf804c7859dc,793.2254611263024
576eb298e4b02bf644a14c46,823.0358267287933
5894a787e4b08f24aa9de296,754.6988741430673
58c33cfee4b0a6c9a19ec035,545.6595013203682
56730de0e4b08b757c0ba9c7,642.1181882457948
58765896e4b08f247d075fbb,747.1822787340894
57efc8dee4b0b41b518e992a,752.535698726544
562ea016e4b05bcfe59ed5de,791.3973139130595
5855f9d1e4b08f24601fbaa6,634.424389773726
589e13a4e4b0040dfd92ecfc,622.1032498698372
564d4822e4b05a02bceab68f,805.161836223991
588d48f2e4b08f24a124d86b,687.7409405143311
58a87fe0e4b074c632b7b8ee,665.7260873471878
564fbf95e4b05a02bf3aba2a,629.5668083625033
57829dd4e4b02aa0ed1f1970,653.3181143894931
5862a82ce4b08f246b3de66e,679.9823563322956
585558e7e4b08f245f59233f,750.6601806011206
5663157ae4b0100e84a0566f,719.1725634233638
56702a96e4b08b75784d1607,712.4589650337479
586e6b7ae4b08f24745801d5,723.1055569506914
5848be7ee4b0c75b2e4220c5,621.2975816090612
585aa0ade4b08f2465924b7d,726.5997670458471
559ed5e2e4b0c945a7ca8158,737.5602672845636
567990cbe4b0d5acf55c9e21,711.8698586275112
563a7441e4b07887b33a809a,662.1687799710078
5799290be4b0d05022618877,665.7872460132636
570ec5cae4b06ef485417dd7,618.477618789135
565f1fcde4b01bbfa01792b4,697.7629519901174
555e2d3ce4b0b12d56c30d74,579.119653662317
5858555fe4b08f246328432b,617.4621344195673
5884f0c5e4b08f2496737eb3,748.1087320290038
57503b74e4b0c6a2b97d9371,765.8024621734081
58b9baabe4b0b6fcac53670c,720.8479474541737
584f1522e4b0286c54b15ba8,708.166091571162
57b39838e4b0104a255532d2,634.3465631598076
568d2150e4b05bcf3c5cf0cb,729.6988229964078
58793333e4b08f2484071c32,644.5567691871257
58a218abe4b0040d0153f2ff,795.8480647449412
56567540e4b0819f36bd0236,705.0571398736914
574e649be4b061d2c43fcb13,684.4533631255348
58598acde4b08f24648c8da9,594.1919508751558
55c37187e4b0a5e80ffa2bfb,822.9386571003973
587a7d2be4b08f2485d0e3ff,736.0077473723657
5845975de4b0bb9d6e197f4b,636.0466175065047
58901f11e4b08f24a48173ab,774.1517890686376
584267efe4b0bb9d6b6fe613,776.3842920194966
58781b98e4b08f2481b0632b,707.8038366801751
577d208de4b02aa0e8061bc3,751.5132452961464
58cac36de4b0b0437b1aaca2,684.9652915417456
565fa29ee4b01bbfa0da7cab,742.9857735797704
586e96e5e4b08f2474df7365,737.8615682486093
577011c6e4b02bf6461b5715,730.4743311068979
585a96c1e4b08f246571ccb9,719.6250004279084
587199afe4b08f247815c26a,500.43888195919914
576f2a3ae4b02bf645724542,725.8464655193324
57a87ed1e4b0d050347c38ab,693.0940021502458
56fabe43e4b030e9402ed5c1,727.2099832996904
56631d82e4b0100e84acd1bb,672.5966462977536
58c186b6e4b0bd0f4db84468,696.7412690401845
54dba4abe4b014f99557d7e3,511.13553370280255
5821f9eae4b051c58d87f779,727.8061581395609
578f9127e4b0810ad5e2f740,681.6663202467863
585916e2e4b08f24639a0c61,700.4969982616452
566c8c89e4b098050b538afc,663.4470440296866
583f2b07e4b0bb9d67f544f9,774.1892217901727
5844b8d3e4b0bb9d6d3d6979,673.7661615037781
579a30b3e4b0d050239d810d,731.1867993857362
567ab79fe4b0f7dc0ba7c416,768.2402995097082
577e9047e4b02aa0eac9b3a5,669.472113167773
57c070f2e4b033e6eb06df36,687.66344743297
5575dda0e4b079eb254cfb7a,759.914439208354
5857f6f1e4b08f24620be89c,706.4534033640523
588a2aaae4b08f249d91bf0b,772.9310316194293
5660f1cfe4b0100e830592f1,774.5022057500355
583cd0ade4b0bb9d660593e3,739.8725475155017
569408abe4b08fd46b676407,721.3882835914271
55cc7d16e4b013257b7ee7de,610.3385434287275
58b6e887e4b0b6fca819f429,631.7600176308365
56748fb0e4b08b757d875a46,816.83587838584
58b5190be4b0d99c3e94aace,674.9764881873643
56abdc03e4b0138a4a20d844,765.8805453406297
56d7ef5ae4b0b6f02161e022,851.3046734995582
565cdbfbe4b0819f3b4b459c,717.6002633942146
56b125d9e4b01d71c2d39f5a,687.9618601704875
587c1c47e4b08f2487a140d3,718.7422450409333
57710803e4b0cd06517a2e3e,612.3177434755448
559df03be4b08bf826be5bcf,768.5596963958355
5616a426e4b0ffd79c298f39,710.3352289437562
577a9d23e4b02aa0e3242360,771.2095830744956
56e82a3de4b0a9e4ca16435c,663.6835944433108
5663d4bfe4b0100e853dfbdf,739.5385293296561
589321e7e4b08f24a83403ab,787.817348692001
589dd4d6e4b0040dfd191934,719.3182901497294
5839ec16e4b0bb9d64d94719,787.0440144931813
5797aa85e4b0d0502045e153,774.3597456548011
5845cb21e4b0bb9d6e983fd2,698.1666727146663
58ab8ccae4b0bf804a405a66,753.0684662548978
56ffec8ce4b0f1e5d318dfb6,771.2726454454978
583816c1e4b0bb9d6444e445,635.8887743070387
54ea067fe4b0e9eaee82b86a,817.2798131591233
57a90748e4b0d05035f4d236,723.7687744105875
58c242cae4b0a6c9a01ffaf7,815.5805229769187
56d9c5fbe4b0b6f0227defa8,505.5939767228986
58b58f2be4b0b6fca64d2b55,639.9422885948086
568d466ce4b05bcf3c7c1153,603.7966745089982
5856cd2ae4b08f2460ccc4f9,631.6159328332636
58c02aeee4b0bec08bd73210,532.7814290420221
569732d5e4b096699a7ae363,656.7773781569384
583624d5e4b0bb9d641ded40,660.2041157744977
58473d4ae4b0c75b2c142fe7,741.4816294015654
586e9706e4b08f2474df9bf4,741.9212053211559
56f020bbe4b078dd394ff51d,726.6109343441013
5688a195e4b029b13f9ee79e,613.5760469874768
5880d3cfe4b08f2491506a20,600.6162028855907
5791994ee4b0810ad94063d4,623.9999897804823
57b36952e4b0104a24e9cd84,656.1030573384716
5536b9b2e4b0db12f4d08f11,658.6714012877302
564cf6d6e4b05a02bcaf9fb5,741.6236543181625
5892ebd6e4b08f24a8236bf6,595.9552364927795
5682321de4b0d5acf95b0f75,697.0206510627924
58ba3bbce4b0b6fcacfb2350,763.1644501552356
55b02a17e4b0d1501b06967d,755.3062743399882
576013b4e4b06d12e8805703,791.3973139130595
55a85655e4b087cd88ce270e,677.1207888537283
58b2efb3e4b0bf8052dd8f7c,665.2403583015794
56e9d111e4b0b8016190e205,798.3032231926869
58b74155e4b0b6fca8f39a75,733.9522543914695
5843606fe4b0bb9d6c56c614,796.2444815637042
5884f4fae4b08f2496799a2f,718.7844711403601
562d6c73e4b003d9aaafd566,495.2671663397581
573a1da3e4b0282048fd95cd,656.4705903446734
57d42320e4b084ddcd95c7fe,731.0002747272056
585be789e4b08f2466c702b8,620.1341735635566
584eba0be4b0286c53707646,734.292431227929
566b06f9e4b098050a075352,760.8511323937721
587642d7e4b08f247cc22683,758.3146062939962
56acbc09e4b0138a4a64cb46,787.6538893970442
575080d0e4b0c6a2ba657584,801.9898989933781
56bbab48e4b07b7bd7a01d0c,721.0345331410267
588a2774e4b08f249d82da13,745.5141503981719
56ba043ae4b0044c31fbe9cf,729.2842298059095
57350ad6e4b030338f759531,722.2391216229711
568ad0dee4b0e997205b8de8,762.0453539593386
57b8ebf5e4b0104a2c19ff01,679.362678941368
5870181de4b08f24770560e1,731.044223712777
57d1f3cce4b00f8582bfb4cb,751.7867897239939
587eb0d7e4b08f248d5b4f99,613.6369124758447
588ffd4de4b08f24a465d02d,805.161836223991
575108b1e4b061d2cd13a3ba,760.938811841514
58424f6ce4b0bb9d6b641cb6,796.8320589780728
58594873e4b08f246401b34c,706.4367027570333
57cb247be4b092499d8f0d05,663.9662203532612
56a0143de4b09669a06038e4,585.3990727803236
5853c53ae4b08f245cfdd1d4,777.5847750736901
55ba6916e4b015ef3e342fe9,797.7151659999986
56f0511be4b078dd39aeb223,780.8210599524999
566342fce4b0100e84e79b61,679.845004335713
56630ddbe4b0100e8495d7d9,764.8802752180248
57502078e4b0c6a2b9439ae3,823.0358267287933
57d60757e4b084ddcf05cdad,814.6178009531236
5894b49be4b08f24aac960fb,535.6463929454505
56ad2e87e4b0138a4aace112,779.1981838644547
5849c2a2e4b0286c4e624103,678.999621172651
56786889e4b0d5acf45e825c,765.514691477264
573e4593e4b0d2e9748a5b53,787.8540017387519
56845261e4b0d5acfad4209b,653.9602907865935
5856e79de4b08f2460f9d121,534.6824065884653
58362bf3e4b0bb9d64221903,608.3840718029122
552ed26ae4b04c4fa9920036,619.7794195838987
5706523ee4b06ef47cd41fc4,713.4977311361496
5825af9be4b051c58f1911f1,610.1119630937019
58b9dc7be4b0b6fcac965ad9,749.5840515364112
58546c54e4b08f245e96ba2e,521.5217011483993
